espn_id,date_utc,home,away,home_score,away_score,result_type,season
401891803,2026-10-02T22:30Z,DET,NYR,0,2,REG,2027
401892432,2026-10-02T23:00Z,CAR,WSH,2,5,REG,2027
401891831,2026-10-03T00:00Z,WPG,BOS,3,4,OT,2027
401891782,2026-10-03T01:00Z,DAL,STL,0,4,REG,2027
401892433,2026-10-03T02:00Z,VGK,ANA,3,4,REG,2027
401891776,2026-10-03T23:00Z,BUF,CHI,4,3,REG,2027
401891822,2026-10-03T23:00Z,PIT,MTL,6,5,OT,2027
401891826,2026-10-03T23:00Z,TB,WSH,3,1,REG,2027
401892434,2026-10-03T23:00Z,TOR,OTT,2,3,REG,2027
401892435,2026-10-03T23:00Z,PHI,CAR,2,3,OT,2027
401892436,2026-10-03T23:00Z,CBJ,UTA,1,4,REG,2027
401892437,2026-10-03T23:00Z,EDM,SEA,3,1,REG,2027
401891818,2026-10-03T23:30Z,NYI,NJ,6,0,REG,2027
401891814,2026-10-04T00:00Z,MIN,BOS,4,1,REG,2027
401892438,2026-10-04T00:00Z,NSH,DAL,2,1,REG,2027
401892439,2026-10-04T01:00Z,COL,STL,6,1,REG,2027
401892440,2026-10-04T02:00Z,VAN,CGY,4,1,REG,2027
401892441,2026-10-04T02:00Z,SJ,LA,5,4,OT,2027
